ID,P12
1,V_12-1
2,V_12-2
3,V_12-3
4,V_12-4
5,V_12-5
6,V_12-6
7,V_12-7
8,V_12-8
9,V_12-9
10,V_12-10
11,V_12-11
12,V_12-12
13,V_12-13
14,V_12-14
15,V_12-15
16,V_12-16
17,V_12-17
18,V_12-18
19,V_12-19
20,V_12-20
21,V_12-21
22,V_12-22
23,V_12-23
24,V_12-24
25,V_12-25
26,V_12-26
27,V_12-27
28,V_12-28
29,V_12-29
30,V_12-30
31,V_12-31
32,V_12-32
33,V_12-33
34,V_12-34
35,V_12-35
36,V_12-36
37,V_12-37
38,V_12-38
39,V_12-39
40,V_12-40
41,V_12-41
42,V_12-42
43,V_12-43
44,V_12-44
45,V_12-45
46,V_12-46
47,V_12-47
48,V_12-48
49,V_12-49
50,V_12-50
51,V_12-51
52,V_12-52
53,V_12-53
54,V_12-54
55,V_12-55
56,V_12-56
57,V_12-57
58,V_12-58
59,V_12-59
60,V_12-60
61,V_12-61
62,V_12-62
63,V_12-63
64,V_12-64
65,V_12-65
66,V_12-66
67,V_12-67
68,V_12-68
69,V_12-69
70,V_12-70
71,V_12-71
72,V_12-72
73,V_12-73
74,V_12-74
75,V_12-75
76,V_12-76
77,V_12-77
78,V_12-78
79,V_12-79
80,V_12-80
81,V_12-81
82,V_12-82
83,V_12-83
84,V_12-84
85,V_12-85
86,V_12-86
87,V_12-87
88,V_12-88
89,V_12-89
90,V_12-90
91,V_12-91
92,V_12-92
93,V_12-93
94,V_12-94
95,V_12-95
96,V_12-96
97,V_12-97
98,V_12-98
99,V_12-99
100,V_12-100
101,V_12-101
102,V_12-102
103,V_12-103
104,V_12-104
105,V_12-105
106,V_12-106
107,V_12-107
108,V_12-108
109,V_12-109
110,V_12-110
111,V_12-111
112,V_12-112
113,V_12-113
114,V_12-114
115,V_12-115
116,V_12-116
117,V_12-117
118,V_12-118
119,V_12-119
120,V_12-120
121,V_12-121
122,V_12-122
123,V_12-123
124,V_12-124
125,V_12-125
126,V_12-126
127,V_12-127
128,V_12-128
129,V_12-129
130,V_12-130
131,V_12-131
132,V_12-132
133,V_12-133
134,V_12-134
135,V_12-135
136,V_12-136
137,V_12-137
138,V_12-138
139,V_12-139
140,V_12-140
141,V_12-141
142,V_12-142
143,V_12-143
144,V_12-144
145,V_12-145
146,V_12-146
147,V_12-147
148,V_12-148
149,V_12-149
150,V_12-150
151,V_12-151
152,V_12-152
153,V_12-153
154,V_12-154
155,V_12-155
156,V_12-156
157,V_12-157
158,V_12-158
159,V_12-159
160,V_12-160
161,V_12-161
162,V_12-162
163,V_12-163
164,V_12-164
165,V_12-165
166,V_12-166
167,V_12-167
168,V_12-168
169,V_12-169
170,V_12-170
171,V_12-171
172,V_12-172
173,V_12-173
174,V_12-174
175,V_12-175
176,V_12-176
177,V_12-177
178,V_12-178
179,V_12-179
180,V_12-180
181,V_12-181
182,V_12-182
183,V_12-183
184,V_12-184
185,V_12-185
186,V_12-186
187,V_12-187
188,V_12-188
189,V_12-189
190,V_12-190
191,V_12-191
192,V_12-192
193,V_12-193
194,V_12-194
195,V_12-195
196,V_12-196
197,V_12-197
198,V_12-198
199,V_12-199
200,V_12-200
201,V_12-201
202,V_12-202
203,V_12-203
204,V_12-204
205,V_12-205
206,V_12-206
207,V_12-207
208,V_12-208
209,V_12-209
210,V_12-210
211,V_12-211
212,V_12-212
213,V_12-213
214,V_12-214
215,V_12-215
216,V_12-216
217,V_12-217
218,V_12-218
219,V_12-219
220,V_12-220
221,V_12-221
222,V_12-222
223,V_12-223
224,V_12-224
225,V_12-225
226,V_12-226
227,V_12-227
228,V_12-228
229,V_12-229
230,V_12-230
231,V_12-231
232,V_12-232
233,V_12-233
234,V_12-234
235,V_12-235
236,V_12-236
237,V_12-237
238,V_12-238
239,V_12-239
240,V_12-240
241,V_12-241
242,V_12-242
243,V_12-243
244,V_12-244
245,V_12-245
246,V_12-246
247,V_12-247
248,V_12-248
249,V_12-249
250,V_12-250
251,V_12-251
252,V_12-252
253,V_12-253
254,V_12-254
255,V_12-255
256,V_12-256
257,V_12-257
258,V_12-258
259,V_12-259
260,V_12-260
261,V_12-261
262,V_12-262
263,V_12-263
264,V_12-264
265,V_12-265
266,V_12-266
267,V_12-267
268,V_12-268
269,V_12-269
270,V_12-270
271,V_12-271
272,V_12-272
273,V_12-273
274,V_12-274
275,V_12-275
276,V_12-276
277,V_12-277
278,V_12-278
279,V_12-279
280,V_12-280
281,V_12-281
282,V_12-282
283,V_12-283
284,V_12-284
285,V_12-285
286,V_12-286
287,V_12-287
288,V_12-288
289,V_12-289
290,V_12-290
291,V_12-291
292,V_12-292
293,V_12-293
294,V_12-294
295,V_12-295
296,V_12-296
297,V_12-297
298,V_12-298
299,V_12-299
300,V_12-300
301,V_12-301
302,V_12-302
303,V_12-303
304,V_12-304
305,V_12-305
306,V_12-306
307,V_12-307
308,V_12-308
309,V_12-309
310,V_12-310
311,V_12-311
312,V_12-312
313,V_12-313
314,V_12-314
315,V_12-315
316,V_12-316
317,V_12-317
318,V_12-318
319,V_12-319
320,V_12-320
321,V_12-321
322,V_12-322
323,V_12-323
324,V_12-324
325,V_12-325
326,V_12-326
327,V_12-327
328,V_12-328
329,V_12-329
330,V_12-330
331,V_12-331
332,V_12-332
333,V_12-333
334,V_12-334
335,V_12-335
336,V_12-336
337,V_12-337
338,V_12-338
339,V_12-339
340,V_12-340
341,V_12-341
342,V_12-342
343,V_12-343
344,V_12-344
345,V_12-345
346,V_12-346
347,V_12-347
348,V_12-348
349,V_12-349
350,V_12-350
351,V_12-351
352,V_12-352
353,V_12-353
354,V_12-354
355,V_12-355
356,V_12-356
357,V_12-357
358,V_12-358
359,V_12-359
360,V_12-360
361,V_12-361
362,V_12-362
363,V_12-363
364,V_12-364
365,V_12-365
366,V_12-366
367,V_12-367
368,V_12-368
369,V_12-369
370,V_12-370
371,V_12-371
372,V_12-372
373,V_12-373
374,V_12-374
375,V_12-375
376,V_12-376
377,V_12-377
378,V_12-378
379,V_12-379
380,V_12-380
381,V_12-381
382,V_12-382
383,V_12-383
384,V_12-384
385,V_12-385
386,V_12-386
387,V_12-387
388,V_12-388
389,V_12-389
390,V_12-390
391,V_12-391
392,V_12-392
393,V_12-393
394,V_12-394
395,V_12-395
396,V_12-396
397,V_12-397
398,V_12-398
399,V_12-399
400,V_12-400
401,V_12-401
402,V_12-402
403,V_12-403
404,V_12-404
405,V_12-405
406,V_12-406
407,V_12-407
408,V_12-408
409,V_12-409
410,V_12-410
411,V_12-411
412,V_12-412
413,V_12-413
414,V_12-414
415,V_12-415
416,V_12-416
417,V_12-417
418,V_12-418
419,V_12-419
420,V_12-420
421,V_12-421
422,V_12-422
423,V_12-423
424,V_12-424
425,V_12-425
426,V_12-426
427,V_12-427
428,V_12-428
429,V_12-429
430,V_12-430
431,V_12-431
432,V_12-432
433,V_12-433
434,V_12-434
435,V_12-435
436,V_12-436
437,V_12-437
438,V_12-438
439,V_12-439
440,V_12-440
441,V_12-441
442,V_12-442
443,V_12-443
444,V_12-444
445,V_12-445
446,V_12-446
447,V_12-447
448,V_12-448
449,V_12-449
450,V_12-450
451,V_12-451
452,V_12-452
453,V_12-453
454,V_12-454
455,V_12-455
456,V_12-456
457,V_12-457
458,V_12-458
459,V_12-459
460,V_12-460
461,V_12-461
462,V_12-462
463,V_12-463
464,V_12-464
465,V_12-465
466,V_12-466
467,V_12-467
468,V_12-468
469,V_12-469
470,V_12-470
471,V_12-471
472,V_12-472
473,V_12-473
474,V_12-474
475,V_12-475
476,V_12-476
477,V_12-477
478,V_12-478
479,V_12-479
480,V_12-480
481,V_12-481
482,V_12-482
483,V_12-483
484,V_12-484
485,V_12-485
486,V_12-486
487,V_12-487
488,V_12-488
489,V_12-489
490,V_12-490
491,V_12-491
492,V_12-492
493,V_12-493
494,V_12-494
495,V_12-495
496,V_12-496
497,V_12-497
498,V_12-498
499,V_12-499
500,V_12-500
501,V_12-501
502,V_12-502
503,V_12-503
504,V_12-504
505,V_12-505
506,V_12-506
507,V_12-507
508,V_12-508
509,V_12-509
510,V_12-510
511,V_12-511
512,V_12-512
513,V_12-513
514,V_12-514
515,V_12-515
516,V_12-516
517,V_12-517
518,V_12-518
519,V_12-519
520,V_12-520
521,V_12-521
522,V_12-522
523,V_12-523
524,V_12-524
525,V_12-525
526,V_12-526
527,V_12-527
528,V_12-528
529,V_12-529
530,V_12-530
531,V_12-531
532,V_12-532
533,V_12-533
534,V_12-534
535,V_12-535
536,V_12-536
537,V_12-537
538,V_12-538
539,V_12-539
540,V_12-540
541,V_12-541
542,V_12-542
543,V_12-543
544,V_12-544
545,V_12-545
546,V_12-546
547,V_12-547
548,V_12-548
549,V_12-549
550,V_12-550
551,V_12-551
552,V_12-552
553,V_12-553
554,V_12-554
555,V_12-555
556,V_12-556
557,V_12-557
558,V_12-558
559,V_12-559
560,V_12-560
561,V_12-561
562,V_12-562
563,V_12-563
564,V_12-564
565,V_12-565
566,V_12-566
567,V_12-567
568,V_12-568
569,V_12-569
570,V_12-570
571,V_12-571
572,V_12-572
573,V_12-573
574,V_12-574
575,V_12-575
576,V_12-576
577,V_12-577
578,V_12-578
579,V_12-579
580,V_12-580
581,V_12-581
582,V_12-582
583,V_12-583
584,V_12-584
585,V_12-585
586,V_12-586
587,V_12-587
588,V_12-588
589,V_12-589
590,V_12-590
591,V_12-591
592,V_12-592
593,V_12-593
594,V_12-594
595,V_12-595
596,V_12-596
597,V_12-597
598,V_12-598
599,V_12-599
600,V_12-600
601,V_12-601
602,V_12-602
603,V_12-603
604,V_12-604
605,V_12-605
606,V_12-606
607,V_12-607
608,V_12-608
609,V_12-609
610,V_12-610
611,V_12-611
612,V_12-612
613,V_12-613
614,V_12-614
615,V_12-615
616,V_12-616
617,V_12-617
618,V_12-618
619,V_12-619
620,V_12-620
621,V_12-621
622,V_12-622
623,V_12-623
624,V_12-624
625,V_12-625
626,V_12-626
627,V_12-627
628,V_12-628
629,V_12-629
630,V_12-630
631,V_12-631
632,V_12-632
633,V_12-633
634,V_12-634
635,V_12-635
636,V_12-636
637,V_12-637
638,V_12-638
639,V_12-639
640,V_12-640
641,V_12-641
642,V_12-642
643,V_12-643
644,V_12-644
645,V_12-645
646,V_12-646
647,V_12-647
648,V_12-648
649,V_12-649
650,V_12-650
651,V_12-651
652,V_12-652
653,V_12-653
654,V_12-654
655,V_12-655
656,V_12-656
657,V_12-657
658,V_12-658
659,V_12-659
660,V_12-660
661,V_12-661
662,V_12-662
663,V_12-663
664,V_12-664
665,V_12-665
666,V_12-666
667,V_12-667
668,V_12-668
669,V_12-669
670,V_12-670
671,V_12-671
672,V_12-672
673,V_12-673
674,V_12-674
675,V_12-675
676,V_12-676
677,V_12-677
678,V_12-678
679,V_12-679
680,V_12-680
681,V_12-681
682,V_12-682
683,V_12-683
684,V_12-684
685,V_12-685
686,V_12-686
687,V_12-687
688,V_12-688
689,V_12-689
690,V_12-690
691,V_12-691
692,V_12-692
693,V_12-693
694,V_12-694
695,V_12-695
696,V_12-696
697,V_12-697
698,V_12-698
699,V_12-699
700,V_12-700
701,V_12-701
702,V_12-702
703,V_12-703
704,V_12-704
705,V_12-705
706,V_12-706
707,V_12-707
708,V_12-708
709,V_12-709
710,V_12-710
711,V_12-711
712,V_12-712
713,V_12-713
714,V_12-714
715,V_12-715
716,V_12-716
717,V_12-717
718,V_12-718
719,V_12-719
720,V_12-720
721,V_12-721
722,V_12-722
723,V_12-723
724,V_12-724
725,V_12-725
726,V_12-726
727,V_12-727
728,V_12-728
729,V_12-729
730,V_12-730
731,V_12-731
732,V_12-732
733,V_12-733
734,V_12-734
735,V_12-735
736,V_12-736
737,V_12-737
738,V_12-738
739,V_12-739
740,V_12-740
741,V_12-741
742,V_12-742
743,V_12-743
744,V_12-744
745,V_12-745
746,V_12-746
747,V_12-747
748,V_12-748
749,V_12-749
750,V_12-750
751,V_12-751
752,V_12-752
753,V_12-753
754,V_12-754
755,V_12-755
756,V_12-756
757,V_12-757
758,V_12-758
759,V_12-759
760,V_12-760
761,V_12-761
762,V_12-762
763,V_12-763
764,V_12-764
765,V_12-765
766,V_12-766
767,V_12-767
768,V_12-768
769,V_12-769
770,V_12-770
771,V_12-771
772,V_12-772
773,V_12-773
774,V_12-774
775,V_12-775
776,V_12-776
777,V_12-777
778,V_12-778
779,V_12-779
780,V_12-780
781,V_12-781
782,V_12-782
783,V_12-783
784,V_12-784
785,V_12-785
786,V_12-786
787,V_12-787
788,V_12-788
789,V_12-789
790,V_12-790
791,V_12-791
792,V_12-792
793,V_12-793
794,V_12-794
795,V_12-795
796,V_12-796
797,V_12-797
798,V_12-798
799,V_12-799
800,V_12-800
801,V_12-801
802,V_12-802
803,V_12-803
804,V_12-804
805,V_12-805
806,V_12-806
807,V_12-807
808,V_12-808
809,V_12-809
810,V_12-810
811,V_12-811
812,V_12-812
813,V_12-813
814,V_12-814
815,V_12-815
816,V_12-816
817,V_12-817
818,V_12-818
819,V_12-819
820,V_12-820
821,V_12-821
822,V_12-822
823,V_12-823
824,V_12-824
825,V_12-825
826,V_12-826
827,V_12-827
828,V_12-828
829,V_12-829
830,V_12-830
831,V_12-831
832,V_12-832
833,V_12-833
834,V_12-834
835,V_12-835
836,V_12-836
837,V_12-837
838,V_12-838
839,V_12-839
840,V_12-840
841,V_12-841
842,V_12-842
843,V_12-843
844,V_12-844
845,V_12-845
846,V_12-846
847,V_12-847
848,V_12-848
849,V_12-849
850,V_12-850
851,V_12-851
852,V_12-852
853,V_12-853
854,V_12-854
855,V_12-855
856,V_12-856
857,V_12-857
858,V_12-858
859,V_12-859
860,V_12-860
861,V_12-861
862,V_12-862
863,V_12-863
864,V_12-864
865,V_12-865
866,V_12-866
867,V_12-867
868,V_12-868
869,V_12-869
870,V_12-870
871,V_12-871
872,V_12-872
873,V_12-873
874,V_12-874
875,V_12-875
876,V_12-876
877,V_12-877
878,V_12-878
879,V_12-879
880,V_12-880
881,V_12-881
882,V_12-882
883,V_12-883
884,V_12-884
885,V_12-885
886,V_12-886
887,V_12-887
888,V_12-888
889,V_12-889
890,V_12-890
891,V_12-891
892,V_12-892
893,V_12-893
894,V_12-894
895,V_12-895
896,V_12-896
897,V_12-897
898,V_12-898
899,V_12-899
900,V_12-900
901,V_12-901
902,V_12-902
903,V_12-903
904,V_12-904
905,V_12-905
906,V_12-906
907,V_12-907
908,V_12-908
909,V_12-909
910,V_12-910
911,V_12-911
912,V_12-912
913,V_12-913
914,V_12-914
915,V_12-915
916,V_12-916
917,V_12-917
918,V_12-918
919,V_12-919
920,V_12-920
921,V_12-921
922,V_12-922
923,V_12-923
924,V_12-924
925,V_12-925
926,V_12-926
927,V_12-927
928,V_12-928
929,V_12-929
930,V_12-930
931,V_12-931
932,V_12-932
933,V_12-933
934,V_12-934
935,V_12-935
936,V_12-936
937,V_12-937
938,V_12-938
939,V_12-939
940,V_12-940
941,V_12-941
942,V_12-942
943,V_12-943
944,V_12-944
945,V_12-945
946,V_12-946
947,V_12-947
948,V_12-948
949,V_12-949
950,V_12-950
951,V_12-951
952,V_12-952
953,V_12-953
954,V_12-954
955,V_12-955
956,V_12-956
957,V_12-957
958,V_12-958
959,V_12-959
960,V_12-960
961,V_12-961
962,V_12-962
963,V_12-963
964,V_12-964
965,V_12-965
966,V_12-966
967,V_12-967
968,V_12-968
969,V_12-969
970,V_12-970
971,V_12-971
972,V_12-972
973,V_12-973
974,V_12-974
975,V_12-975
976,V_12-976
977,V_12-977
978,V_12-978
979,V_12-979
980,V_12-980
981,V_12-981
982,V_12-982
983,V_12-983
984,V_12-984
985,V_12-985
986,V_12-986
987,V_12-987
988,V_12-988
989,V_12-989
990,V_12-990
991,V_12-991
992,V_12-992
993,V_12-993
994,V_12-994
995,V_12-995
996,V_12-996
997,V_12-997
998,V_12-998
999,V_12-999
1000,V_12-1000
