ID,P13
1,V_13-1
2,V_13-2
3,V_13-3
4,V_13-4
5,V_13-5
6,V_13-6
7,V_13-7
8,V_13-8
9,V_13-9
10,V_13-10
11,V_13-11
12,V_13-12
13,V_13-13
14,V_13-14
15,V_13-15
16,V_13-16
17,V_13-17
18,V_13-18
19,V_13-19
20,V_13-20
21,V_13-21
22,V_13-22
23,V_13-23
24,V_13-24
25,V_13-25
26,V_13-26
27,V_13-27
28,V_13-28
29,V_13-29
30,V_13-30
31,V_13-31
32,V_13-32
33,V_13-33
34,V_13-34
35,V_13-35
36,V_13-36
37,V_13-37
38,V_13-38
39,V_13-39
40,V_13-40
41,V_13-41
42,V_13-42
43,V_13-43
44,V_13-44
45,V_13-45
46,V_13-46
47,V_13-47
48,V_13-48
49,V_13-49
50,V_13-50
51,V_13-51
52,V_13-52
53,V_13-53
54,V_13-54
55,V_13-55
56,V_13-56
57,V_13-57
58,V_13-58
59,V_13-59
60,V_13-60
61,V_13-61
62,V_13-62
63,V_13-63
64,V_13-64
65,V_13-65
66,V_13-66
67,V_13-67
68,V_13-68
69,V_13-69
70,V_13-70
71,V_13-71
72,V_13-72
73,V_13-73
74,V_13-74
75,V_13-75
76,V_13-76
77,V_13-77
78,V_13-78
79,V_13-79
80,V_13-80
81,V_13-81
82,V_13-82
83,V_13-83
84,V_13-84
85,V_13-85
86,V_13-86
87,V_13-87
88,V_13-88
89,V_13-89
90,V_13-90
91,V_13-91
92,V_13-92
93,V_13-93
94,V_13-94
95,V_13-95
96,V_13-96
97,V_13-97
98,V_13-98
99,V_13-99
100,V_13-100
101,V_13-101
102,V_13-102
103,V_13-103
104,V_13-104
105,V_13-105
106,V_13-106
107,V_13-107
108,V_13-108
109,V_13-109
110,V_13-110
111,V_13-111
112,V_13-112
113,V_13-113
114,V_13-114
115,V_13-115
116,V_13-116
117,V_13-117
118,V_13-118
119,V_13-119
120,V_13-120
121,V_13-121
122,V_13-122
123,V_13-123
124,V_13-124
125,V_13-125
126,V_13-126
127,V_13-127
128,V_13-128
129,V_13-129
130,V_13-130
131,V_13-131
132,V_13-132
133,V_13-133
134,V_13-134
135,V_13-135
136,V_13-136
137,V_13-137
138,V_13-138
139,V_13-139
140,V_13-140
141,V_13-141
142,V_13-142
143,V_13-143
144,V_13-144
145,V_13-145
146,V_13-146
147,V_13-147
148,V_13-148
149,V_13-149
150,V_13-150
151,V_13-151
152,V_13-152
153,V_13-153
154,V_13-154
155,V_13-155
156,V_13-156
157,V_13-157
158,V_13-158
159,V_13-159
160,V_13-160
161,V_13-161
162,V_13-162
163,V_13-163
164,V_13-164
165,V_13-165
166,V_13-166
167,V_13-167
168,V_13-168
169,V_13-169
170,V_13-170
171,V_13-171
172,V_13-172
173,V_13-173
174,V_13-174
175,V_13-175
176,V_13-176
177,V_13-177
178,V_13-178
179,V_13-179
180,V_13-180
181,V_13-181
182,V_13-182
183,V_13-183
184,V_13-184
185,V_13-185
186,V_13-186
187,V_13-187
188,V_13-188
189,V_13-189
190,V_13-190
191,V_13-191
192,V_13-192
193,V_13-193
194,V_13-194
195,V_13-195
196,V_13-196
197,V_13-197
198,V_13-198
199,V_13-199
200,V_13-200
201,V_13-201
202,V_13-202
203,V_13-203
204,V_13-204
205,V_13-205
206,V_13-206
207,V_13-207
208,V_13-208
209,V_13-209
210,V_13-210
211,V_13-211
212,V_13-212
213,V_13-213
214,V_13-214
215,V_13-215
216,V_13-216
217,V_13-217
218,V_13-218
219,V_13-219
220,V_13-220
221,V_13-221
222,V_13-222
223,V_13-223
224,V_13-224
225,V_13-225
226,V_13-226
227,V_13-227
228,V_13-228
229,V_13-229
230,V_13-230
231,V_13-231
232,V_13-232
233,V_13-233
234,V_13-234
235,V_13-235
236,V_13-236
237,V_13-237
238,V_13-238
239,V_13-239
240,V_13-240
241,V_13-241
242,V_13-242
243,V_13-243
244,V_13-244
245,V_13-245
246,V_13-246
247,V_13-247
248,V_13-248
249,V_13-249
250,V_13-250
251,V_13-251
252,V_13-252
253,V_13-253
254,V_13-254
255,V_13-255
256,V_13-256
257,V_13-257
258,V_13-258
259,V_13-259
260,V_13-260
261,V_13-261
262,V_13-262
263,V_13-263
264,V_13-264
265,V_13-265
266,V_13-266
267,V_13-267
268,V_13-268
269,V_13-269
270,V_13-270
271,V_13-271
272,V_13-272
273,V_13-273
274,V_13-274
275,V_13-275
276,V_13-276
277,V_13-277
278,V_13-278
279,V_13-279
280,V_13-280
281,V_13-281
282,V_13-282
283,V_13-283
284,V_13-284
285,V_13-285
286,V_13-286
287,V_13-287
288,V_13-288
289,V_13-289
290,V_13-290
291,V_13-291
292,V_13-292
293,V_13-293
294,V_13-294
295,V_13-295
296,V_13-296
297,V_13-297
298,V_13-298
299,V_13-299
300,V_13-300
301,V_13-301
302,V_13-302
303,V_13-303
304,V_13-304
305,V_13-305
306,V_13-306
307,V_13-307
308,V_13-308
309,V_13-309
310,V_13-310
311,V_13-311
312,V_13-312
313,V_13-313
314,V_13-314
315,V_13-315
316,V_13-316
317,V_13-317
318,V_13-318
319,V_13-319
320,V_13-320
321,V_13-321
322,V_13-322
323,V_13-323
324,V_13-324
325,V_13-325
326,V_13-326
327,V_13-327
328,V_13-328
329,V_13-329
330,V_13-330
331,V_13-331
332,V_13-332
333,V_13-333
334,V_13-334
335,V_13-335
336,V_13-336
337,V_13-337
338,V_13-338
339,V_13-339
340,V_13-340
341,V_13-341
342,V_13-342
343,V_13-343
344,V_13-344
345,V_13-345
346,V_13-346
347,V_13-347
348,V_13-348
349,V_13-349
350,V_13-350
351,V_13-351
352,V_13-352
353,V_13-353
354,V_13-354
355,V_13-355
356,V_13-356
357,V_13-357
358,V_13-358
359,V_13-359
360,V_13-360
361,V_13-361
362,V_13-362
363,V_13-363
364,V_13-364
365,V_13-365
366,V_13-366
367,V_13-367
368,V_13-368
369,V_13-369
370,V_13-370
371,V_13-371
372,V_13-372
373,V_13-373
374,V_13-374
375,V_13-375
376,V_13-376
377,V_13-377
378,V_13-378
379,V_13-379
380,V_13-380
381,V_13-381
382,V_13-382
383,V_13-383
384,V_13-384
385,V_13-385
386,V_13-386
387,V_13-387
388,V_13-388
389,V_13-389
390,V_13-390
391,V_13-391
392,V_13-392
393,V_13-393
394,V_13-394
395,V_13-395
396,V_13-396
397,V_13-397
398,V_13-398
399,V_13-399
400,V_13-400
401,V_13-401
402,V_13-402
403,V_13-403
404,V_13-404
405,V_13-405
406,V_13-406
407,V_13-407
408,V_13-408
409,V_13-409
410,V_13-410
411,V_13-411
412,V_13-412
413,V_13-413
414,V_13-414
415,V_13-415
416,V_13-416
417,V_13-417
418,V_13-418
419,V_13-419
420,V_13-420
421,V_13-421
422,V_13-422
423,V_13-423
424,V_13-424
425,V_13-425
426,V_13-426
427,V_13-427
428,V_13-428
429,V_13-429
430,V_13-430
431,V_13-431
432,V_13-432
433,V_13-433
434,V_13-434
435,V_13-435
436,V_13-436
437,V_13-437
438,V_13-438
439,V_13-439
440,V_13-440
441,V_13-441
442,V_13-442
443,V_13-443
444,V_13-444
445,V_13-445
446,V_13-446
447,V_13-447
448,V_13-448
449,V_13-449
450,V_13-450
451,V_13-451
452,V_13-452
453,V_13-453
454,V_13-454
455,V_13-455
456,V_13-456
457,V_13-457
458,V_13-458
459,V_13-459
460,V_13-460
461,V_13-461
462,V_13-462
463,V_13-463
464,V_13-464
465,V_13-465
466,V_13-466
467,V_13-467
468,V_13-468
469,V_13-469
470,V_13-470
471,V_13-471
472,V_13-472
473,V_13-473
474,V_13-474
475,V_13-475
476,V_13-476
477,V_13-477
478,V_13-478
479,V_13-479
480,V_13-480
481,V_13-481
482,V_13-482
483,V_13-483
484,V_13-484
485,V_13-485
486,V_13-486
487,V_13-487
488,V_13-488
489,V_13-489
490,V_13-490
491,V_13-491
492,V_13-492
493,V_13-493
494,V_13-494
495,V_13-495
496,V_13-496
497,V_13-497
498,V_13-498
499,V_13-499
500,V_13-500
501,V_13-501
502,V_13-502
503,V_13-503
504,V_13-504
505,V_13-505
506,V_13-506
507,V_13-507
508,V_13-508
509,V_13-509
510,V_13-510
511,V_13-511
512,V_13-512
513,V_13-513
514,V_13-514
515,V_13-515
516,V_13-516
517,V_13-517
518,V_13-518
519,V_13-519
520,V_13-520
521,V_13-521
522,V_13-522
523,V_13-523
524,V_13-524
525,V_13-525
526,V_13-526
527,V_13-527
528,V_13-528
529,V_13-529
530,V_13-530
531,V_13-531
532,V_13-532
533,V_13-533
534,V_13-534
535,V_13-535
536,V_13-536
537,V_13-537
538,V_13-538
539,V_13-539
540,V_13-540
541,V_13-541
542,V_13-542
543,V_13-543
544,V_13-544
545,V_13-545
546,V_13-546
547,V_13-547
548,V_13-548
549,V_13-549
550,V_13-550
551,V_13-551
552,V_13-552
553,V_13-553
554,V_13-554
555,V_13-555
556,V_13-556
557,V_13-557
558,V_13-558
559,V_13-559
560,V_13-560
561,V_13-561
562,V_13-562
563,V_13-563
564,V_13-564
565,V_13-565
566,V_13-566
567,V_13-567
568,V_13-568
569,V_13-569
570,V_13-570
571,V_13-571
572,V_13-572
573,V_13-573
574,V_13-574
575,V_13-575
576,V_13-576
577,V_13-577
578,V_13-578
579,V_13-579
580,V_13-580
581,V_13-581
582,V_13-582
583,V_13-583
584,V_13-584
585,V_13-585
586,V_13-586
587,V_13-587
588,V_13-588
589,V_13-589
590,V_13-590
591,V_13-591
592,V_13-592
593,V_13-593
594,V_13-594
595,V_13-595
596,V_13-596
597,V_13-597
598,V_13-598
599,V_13-599
600,V_13-600
601,V_13-601
602,V_13-602
603,V_13-603
604,V_13-604
605,V_13-605
606,V_13-606
607,V_13-607
608,V_13-608
609,V_13-609
610,V_13-610
611,V_13-611
612,V_13-612
613,V_13-613
614,V_13-614
615,V_13-615
616,V_13-616
617,V_13-617
618,V_13-618
619,V_13-619
620,V_13-620
621,V_13-621
622,V_13-622
623,V_13-623
624,V_13-624
625,V_13-625
626,V_13-626
627,V_13-627
628,V_13-628
629,V_13-629
630,V_13-630
631,V_13-631
632,V_13-632
633,V_13-633
634,V_13-634
635,V_13-635
636,V_13-636
637,V_13-637
638,V_13-638
639,V_13-639
640,V_13-640
641,V_13-641
642,V_13-642
643,V_13-643
644,V_13-644
645,V_13-645
646,V_13-646
647,V_13-647
648,V_13-648
649,V_13-649
650,V_13-650
651,V_13-651
652,V_13-652
653,V_13-653
654,V_13-654
655,V_13-655
656,V_13-656
657,V_13-657
658,V_13-658
659,V_13-659
660,V_13-660
661,V_13-661
662,V_13-662
663,V_13-663
664,V_13-664
665,V_13-665
666,V_13-666
667,V_13-667
668,V_13-668
669,V_13-669
670,V_13-670
671,V_13-671
672,V_13-672
673,V_13-673
674,V_13-674
675,V_13-675
676,V_13-676
677,V_13-677
678,V_13-678
679,V_13-679
680,V_13-680
681,V_13-681
682,V_13-682
683,V_13-683
684,V_13-684
685,V_13-685
686,V_13-686
687,V_13-687
688,V_13-688
689,V_13-689
690,V_13-690
691,V_13-691
692,V_13-692
693,V_13-693
694,V_13-694
695,V_13-695
696,V_13-696
697,V_13-697
698,V_13-698
699,V_13-699
700,V_13-700
701,V_13-701
702,V_13-702
703,V_13-703
704,V_13-704
705,V_13-705
706,V_13-706
707,V_13-707
708,V_13-708
709,V_13-709
710,V_13-710
711,V_13-711
712,V_13-712
713,V_13-713
714,V_13-714
715,V_13-715
716,V_13-716
717,V_13-717
718,V_13-718
719,V_13-719
720,V_13-720
721,V_13-721
722,V_13-722
723,V_13-723
724,V_13-724
725,V_13-725
726,V_13-726
727,V_13-727
728,V_13-728
729,V_13-729
730,V_13-730
731,V_13-731
732,V_13-732
733,V_13-733
734,V_13-734
735,V_13-735
736,V_13-736
737,V_13-737
738,V_13-738
739,V_13-739
740,V_13-740
741,V_13-741
742,V_13-742
743,V_13-743
744,V_13-744
745,V_13-745
746,V_13-746
747,V_13-747
748,V_13-748
749,V_13-749
750,V_13-750
751,V_13-751
752,V_13-752
753,V_13-753
754,V_13-754
755,V_13-755
756,V_13-756
757,V_13-757
758,V_13-758
759,V_13-759
760,V_13-760
761,V_13-761
762,V_13-762
763,V_13-763
764,V_13-764
765,V_13-765
766,V_13-766
767,V_13-767
768,V_13-768
769,V_13-769
770,V_13-770
771,V_13-771
772,V_13-772
773,V_13-773
774,V_13-774
775,V_13-775
776,V_13-776
777,V_13-777
778,V_13-778
779,V_13-779
780,V_13-780
781,V_13-781
782,V_13-782
783,V_13-783
784,V_13-784
785,V_13-785
786,V_13-786
787,V_13-787
788,V_13-788
789,V_13-789
790,V_13-790
791,V_13-791
792,V_13-792
793,V_13-793
794,V_13-794
795,V_13-795
796,V_13-796
797,V_13-797
798,V_13-798
799,V_13-799
800,V_13-800
801,V_13-801
802,V_13-802
803,V_13-803
804,V_13-804
805,V_13-805
806,V_13-806
807,V_13-807
808,V_13-808
809,V_13-809
810,V_13-810
811,V_13-811
812,V_13-812
813,V_13-813
814,V_13-814
815,V_13-815
816,V_13-816
817,V_13-817
818,V_13-818
819,V_13-819
820,V_13-820
821,V_13-821
822,V_13-822
823,V_13-823
824,V_13-824
825,V_13-825
826,V_13-826
827,V_13-827
828,V_13-828
829,V_13-829
830,V_13-830
831,V_13-831
832,V_13-832
833,V_13-833
834,V_13-834
835,V_13-835
836,V_13-836
837,V_13-837
838,V_13-838
839,V_13-839
840,V_13-840
841,V_13-841
842,V_13-842
843,V_13-843
844,V_13-844
845,V_13-845
846,V_13-846
847,V_13-847
848,V_13-848
849,V_13-849
850,V_13-850
851,V_13-851
852,V_13-852
853,V_13-853
854,V_13-854
855,V_13-855
856,V_13-856
857,V_13-857
858,V_13-858
859,V_13-859
860,V_13-860
861,V_13-861
862,V_13-862
863,V_13-863
864,V_13-864
865,V_13-865
866,V_13-866
867,V_13-867
868,V_13-868
869,V_13-869
870,V_13-870
871,V_13-871
872,V_13-872
873,V_13-873
874,V_13-874
875,V_13-875
876,V_13-876
877,V_13-877
878,V_13-878
879,V_13-879
880,V_13-880
881,V_13-881
882,V_13-882
883,V_13-883
884,V_13-884
885,V_13-885
886,V_13-886
887,V_13-887
888,V_13-888
889,V_13-889
890,V_13-890
891,V_13-891
892,V_13-892
893,V_13-893
894,V_13-894
895,V_13-895
896,V_13-896
897,V_13-897
898,V_13-898
899,V_13-899
900,V_13-900
901,V_13-901
902,V_13-902
903,V_13-903
904,V_13-904
905,V_13-905
906,V_13-906
907,V_13-907
908,V_13-908
909,V_13-909
910,V_13-910
911,V_13-911
912,V_13-912
913,V_13-913
914,V_13-914
915,V_13-915
916,V_13-916
917,V_13-917
918,V_13-918
919,V_13-919
920,V_13-920
921,V_13-921
922,V_13-922
923,V_13-923
924,V_13-924
925,V_13-925
926,V_13-926
927,V_13-927
928,V_13-928
929,V_13-929
930,V_13-930
931,V_13-931
932,V_13-932
933,V_13-933
934,V_13-934
935,V_13-935
936,V_13-936
937,V_13-937
938,V_13-938
939,V_13-939
940,V_13-940
941,V_13-941
942,V_13-942
943,V_13-943
944,V_13-944
945,V_13-945
946,V_13-946
947,V_13-947
948,V_13-948
949,V_13-949
950,V_13-950
951,V_13-951
952,V_13-952
953,V_13-953
954,V_13-954
955,V_13-955
956,V_13-956
957,V_13-957
958,V_13-958
959,V_13-959
960,V_13-960
961,V_13-961
962,V_13-962
963,V_13-963
964,V_13-964
965,V_13-965
966,V_13-966
967,V_13-967
968,V_13-968
969,V_13-969
970,V_13-970
971,V_13-971
972,V_13-972
973,V_13-973
974,V_13-974
975,V_13-975
976,V_13-976
977,V_13-977
978,V_13-978
979,V_13-979
980,V_13-980
981,V_13-981
982,V_13-982
983,V_13-983
984,V_13-984
985,V_13-985
986,V_13-986
987,V_13-987
988,V_13-988
989,V_13-989
990,V_13-990
991,V_13-991
992,V_13-992
993,V_13-993
994,V_13-994
995,V_13-995
996,V_13-996
997,V_13-997
998,V_13-998
999,V_13-999
1000,V_13-1000
