ID,P12,P13
1,V_12-1,V_13-1
2,V_12-2,V_13-2
3,V_12-3,V_13-3
4,V_12-4,V_13-4
5,V_12-5,V_13-5
6,V_12-6,V_13-6
7,V_12-7,V_13-7
8,V_12-8,V_13-8
9,V_12-9,V_13-9
10,V_12-10,V_13-10
11,V_12-11,V_13-11
12,V_12-12,V_13-12
13,V_12-13,V_13-13
14,V_12-14,V_13-14
15,V_12-15,V_13-15
16,V_12-16,V_13-16
17,V_12-17,V_13-17
18,V_12-18,V_13-18
19,V_12-19,V_13-19
20,V_12-20,V_13-20
21,V_12-21,V_13-21
22,V_12-22,V_13-22
23,V_12-23,V_13-23
24,V_12-24,V_13-24
25,V_12-25,V_13-25
26,V_12-26,V_13-26
27,V_12-27,V_13-27
28,V_12-28,V_13-28
29,V_12-29,V_13-29
30,V_12-30,V_13-30
31,V_12-31,V_13-31
32,V_12-32,V_13-32
33,V_12-33,V_13-33
34,V_12-34,V_13-34
35,V_12-35,V_13-35
36,V_12-36,V_13-36
37,V_12-37,V_13-37
38,V_12-38,V_13-38
39,V_12-39,V_13-39
40,V_12-40,V_13-40
41,V_12-41,V_13-41
42,V_12-42,V_13-42
43,V_12-43,V_13-43
44,V_12-44,V_13-44
45,V_12-45,V_13-45
46,V_12-46,V_13-46
47,V_12-47,V_13-47
48,V_12-48,V_13-48
49,V_12-49,V_13-49
50,V_12-50,V_13-50
51,V_12-51,V_13-51
52,V_12-52,V_13-52
53,V_12-53,V_13-53
54,V_12-54,V_13-54
55,V_12-55,V_13-55
56,V_12-56,V_13-56
57,V_12-57,V_13-57
58,V_12-58,V_13-58
59,V_12-59,V_13-59
60,V_12-60,V_13-60
61,V_12-61,V_13-61
62,V_12-62,V_13-62
63,V_12-63,V_13-63
64,V_12-64,V_13-64
65,V_12-65,V_13-65
66,V_12-66,V_13-66
67,V_12-67,V_13-67
68,V_12-68,V_13-68
69,V_12-69,V_13-69
70,V_12-70,V_13-70
71,V_12-71,V_13-71
72,V_12-72,V_13-72
73,V_12-73,V_13-73
74,V_12-74,V_13-74
75,V_12-75,V_13-75
76,V_12-76,V_13-76
77,V_12-77,V_13-77
78,V_12-78,V_13-78
79,V_12-79,V_13-79
80,V_12-80,V_13-80
81,V_12-81,V_13-81
82,V_12-82,V_13-82
83,V_12-83,V_13-83
84,V_12-84,V_13-84
85,V_12-85,V_13-85
86,V_12-86,V_13-86
87,V_12-87,V_13-87
88,V_12-88,V_13-88
89,V_12-89,V_13-89
90,V_12-90,V_13-90
91,V_12-91,V_13-91
92,V_12-92,V_13-92
93,V_12-93,V_13-93
94,V_12-94,V_13-94
95,V_12-95,V_13-95
96,V_12-96,V_13-96
97,V_12-97,V_13-97
98,V_12-98,V_13-98
99,V_12-99,V_13-99
100,V_12-100,V_13-100
101,V_12-101,V_13-101
102,V_12-102,V_13-102
103,V_12-103,V_13-103
104,V_12-104,V_13-104
105,V_12-105,V_13-105
106,V_12-106,V_13-106
107,V_12-107,V_13-107
108,V_12-108,V_13-108
109,V_12-109,V_13-109
110,V_12-110,V_13-110
111,V_12-111,V_13-111
112,V_12-112,V_13-112
113,V_12-113,V_13-113
114,V_12-114,V_13-114
115,V_12-115,V_13-115
116,V_12-116,V_13-116
117,V_12-117,V_13-117
118,V_12-118,V_13-118
119,V_12-119,V_13-119
120,V_12-120,V_13-120
121,V_12-121,V_13-121
122,V_12-122,V_13-122
123,V_12-123,V_13-123
124,V_12-124,V_13-124
125,V_12-125,V_13-125
126,V_12-126,V_13-126
127,V_12-127,V_13-127
128,V_12-128,V_13-128
129,V_12-129,V_13-129
130,V_12-130,V_13-130
131,V_12-131,V_13-131
132,V_12-132,V_13-132
133,V_12-133,V_13-133
134,V_12-134,V_13-134
135,V_12-135,V_13-135
136,V_12-136,V_13-136
137,V_12-137,V_13-137
138,V_12-138,V_13-138
139,V_12-139,V_13-139
140,V_12-140,V_13-140
141,V_12-141,V_13-141
142,V_12-142,V_13-142
143,V_12-143,V_13-143
144,V_12-144,V_13-144
145,V_12-145,V_13-145
146,V_12-146,V_13-146
147,V_12-147,V_13-147
148,V_12-148,V_13-148
149,V_12-149,V_13-149
150,V_12-150,V_13-150
151,V_12-151,V_13-151
152,V_12-152,V_13-152
153,V_12-153,V_13-153
154,V_12-154,V_13-154
155,V_12-155,V_13-155
156,V_12-156,V_13-156
157,V_12-157,V_13-157
158,V_12-158,V_13-158
159,V_12-159,V_13-159
160,V_12-160,V_13-160
161,V_12-161,V_13-161
162,V_12-162,V_13-162
163,V_12-163,V_13-163
164,V_12-164,V_13-164
165,V_12-165,V_13-165
166,V_12-166,V_13-166
167,V_12-167,V_13-167
168,V_12-168,V_13-168
169,V_12-169,V_13-169
170,V_12-170,V_13-170
171,V_12-171,V_13-171
172,V_12-172,V_13-172
173,V_12-173,V_13-173
174,V_12-174,V_13-174
175,V_12-175,V_13-175
176,V_12-176,V_13-176
177,V_12-177,V_13-177
178,V_12-178,V_13-178
179,V_12-179,V_13-179
180,V_12-180,V_13-180
181,V_12-181,V_13-181
182,V_12-182,V_13-182
183,V_12-183,V_13-183
184,V_12-184,V_13-184
185,V_12-185,V_13-185
186,V_12-186,V_13-186
187,V_12-187,V_13-187
188,V_12-188,V_13-188
189,V_12-189,V_13-189
190,V_12-190,V_13-190
191,V_12-191,V_13-191
192,V_12-192,V_13-192
193,V_12-193,V_13-193
194,V_12-194,V_13-194
195,V_12-195,V_13-195
196,V_12-196,V_13-196
197,V_12-197,V_13-197
198,V_12-198,V_13-198
199,V_12-199,V_13-199
200,V_12-200,V_13-200
201,V_12-201,V_13-201
202,V_12-202,V_13-202
203,V_12-203,V_13-203
204,V_12-204,V_13-204
205,V_12-205,V_13-205
206,V_12-206,V_13-206
207,V_12-207,V_13-207
208,V_12-208,V_13-208
209,V_12-209,V_13-209
210,V_12-210,V_13-210
211,V_12-211,V_13-211
212,V_12-212,V_13-212
213,V_12-213,V_13-213
214,V_12-214,V_13-214
215,V_12-215,V_13-215
216,V_12-216,V_13-216
217,V_12-217,V_13-217
218,V_12-218,V_13-218
219,V_12-219,V_13-219
220,V_12-220,V_13-220
221,V_12-221,V_13-221
222,V_12-222,V_13-222
223,V_12-223,V_13-223
224,V_12-224,V_13-224
225,V_12-225,V_13-225
226,V_12-226,V_13-226
227,V_12-227,V_13-227
228,V_12-228,V_13-228
229,V_12-229,V_13-229
230,V_12-230,V_13-230
231,V_12-231,V_13-231
232,V_12-232,V_13-232
233,V_12-233,V_13-233
234,V_12-234,V_13-234
235,V_12-235,V_13-235
236,V_12-236,V_13-236
237,V_12-237,V_13-237
238,V_12-238,V_13-238
239,V_12-239,V_13-239
240,V_12-240,V_13-240
241,V_12-241,V_13-241
242,V_12-242,V_13-242
243,V_12-243,V_13-243
244,V_12-244,V_13-244
245,V_12-245,V_13-245
246,V_12-246,V_13-246
247,V_12-247,V_13-247
248,V_12-248,V_13-248
249,V_12-249,V_13-249
250,V_12-250,V_13-250
251,V_12-251,V_13-251
252,V_12-252,V_13-252
253,V_12-253,V_13-253
254,V_12-254,V_13-254
255,V_12-255,V_13-255
256,V_12-256,V_13-256
257,V_12-257,V_13-257
258,V_12-258,V_13-258
259,V_12-259,V_13-259
260,V_12-260,V_13-260
261,V_12-261,V_13-261
262,V_12-262,V_13-262
263,V_12-263,V_13-263
264,V_12-264,V_13-264
265,V_12-265,V_13-265
266,V_12-266,V_13-266
267,V_12-267,V_13-267
268,V_12-268,V_13-268
269,V_12-269,V_13-269
270,V_12-270,V_13-270
271,V_12-271,V_13-271
272,V_12-272,V_13-272
273,V_12-273,V_13-273
274,V_12-274,V_13-274
275,V_12-275,V_13-275
276,V_12-276,V_13-276
277,V_12-277,V_13-277
278,V_12-278,V_13-278
279,V_12-279,V_13-279
280,V_12-280,V_13-280
281,V_12-281,V_13-281
282,V_12-282,V_13-282
283,V_12-283,V_13-283
284,V_12-284,V_13-284
285,V_12-285,V_13-285
286,V_12-286,V_13-286
287,V_12-287,V_13-287
288,V_12-288,V_13-288
289,V_12-289,V_13-289
290,V_12-290,V_13-290
291,V_12-291,V_13-291
292,V_12-292,V_13-292
293,V_12-293,V_13-293
294,V_12-294,V_13-294
295,V_12-295,V_13-295
296,V_12-296,V_13-296
297,V_12-297,V_13-297
298,V_12-298,V_13-298
299,V_12-299,V_13-299
300,V_12-300,V_13-300
301,V_12-301,V_13-301
302,V_12-302,V_13-302
303,V_12-303,V_13-303
304,V_12-304,V_13-304
305,V_12-305,V_13-305
306,V_12-306,V_13-306
307,V_12-307,V_13-307
308,V_12-308,V_13-308
309,V_12-309,V_13-309
310,V_12-310,V_13-310
311,V_12-311,V_13-311
312,V_12-312,V_13-312
313,V_12-313,V_13-313
314,V_12-314,V_13-314
315,V_12-315,V_13-315
316,V_12-316,V_13-316
317,V_12-317,V_13-317
318,V_12-318,V_13-318
319,V_12-319,V_13-319
320,V_12-320,V_13-320
321,V_12-321,V_13-321
322,V_12-322,V_13-322
323,V_12-323,V_13-323
324,V_12-324,V_13-324
325,V_12-325,V_13-325
326,V_12-326,V_13-326
327,V_12-327,V_13-327
328,V_12-328,V_13-328
329,V_12-329,V_13-329
330,V_12-330,V_13-330
331,V_12-331,V_13-331
332,V_12-332,V_13-332
333,V_12-333,V_13-333
334,V_12-334,V_13-334
335,V_12-335,V_13-335
336,V_12-336,V_13-336
337,V_12-337,V_13-337
338,V_12-338,V_13-338
339,V_12-339,V_13-339
340,V_12-340,V_13-340
341,V_12-341,V_13-341
342,V_12-342,V_13-342
343,V_12-343,V_13-343
344,V_12-344,V_13-344
345,V_12-345,V_13-345
346,V_12-346,V_13-346
347,V_12-347,V_13-347
348,V_12-348,V_13-348
349,V_12-349,V_13-349
350,V_12-350,V_13-350
351,V_12-351,V_13-351
352,V_12-352,V_13-352
353,V_12-353,V_13-353
354,V_12-354,V_13-354
355,V_12-355,V_13-355
356,V_12-356,V_13-356
357,V_12-357,V_13-357
358,V_12-358,V_13-358
359,V_12-359,V_13-359
360,V_12-360,V_13-360
361,V_12-361,V_13-361
362,V_12-362,V_13-362
363,V_12-363,V_13-363
364,V_12-364,V_13-364
365,V_12-365,V_13-365
366,V_12-366,V_13-366
367,V_12-367,V_13-367
368,V_12-368,V_13-368
369,V_12-369,V_13-369
370,V_12-370,V_13-370
371,V_12-371,V_13-371
372,V_12-372,V_13-372
373,V_12-373,V_13-373
374,V_12-374,V_13-374
375,V_12-375,V_13-375
376,V_12-376,V_13-376
377,V_12-377,V_13-377
378,V_12-378,V_13-378
379,V_12-379,V_13-379
380,V_12-380,V_13-380
381,V_12-381,V_13-381
382,V_12-382,V_13-382
383,V_12-383,V_13-383
384,V_12-384,V_13-384
385,V_12-385,V_13-385
386,V_12-386,V_13-386
387,V_12-387,V_13-387
388,V_12-388,V_13-388
389,V_12-389,V_13-389
390,V_12-390,V_13-390
391,V_12-391,V_13-391
392,V_12-392,V_13-392
393,V_12-393,V_13-393
394,V_12-394,V_13-394
395,V_12-395,V_13-395
396,V_12-396,V_13-396
397,V_12-397,V_13-397
398,V_12-398,V_13-398
399,V_12-399,V_13-399
400,V_12-400,V_13-400
401,V_12-401,V_13-401
402,V_12-402,V_13-402
403,V_12-403,V_13-403
404,V_12-404,V_13-404
405,V_12-405,V_13-405
406,V_12-406,V_13-406
407,V_12-407,V_13-407
408,V_12-408,V_13-408
409,V_12-409,V_13-409
410,V_12-410,V_13-410
411,V_12-411,V_13-411
412,V_12-412,V_13-412
413,V_12-413,V_13-413
414,V_12-414,V_13-414
415,V_12-415,V_13-415
416,V_12-416,V_13-416
417,V_12-417,V_13-417
418,V_12-418,V_13-418
419,V_12-419,V_13-419
420,V_12-420,V_13-420
421,V_12-421,V_13-421
422,V_12-422,V_13-422
423,V_12-423,V_13-423
424,V_12-424,V_13-424
425,V_12-425,V_13-425
426,V_12-426,V_13-426
427,V_12-427,V_13-427
428,V_12-428,V_13-428
429,V_12-429,V_13-429
430,V_12-430,V_13-430
431,V_12-431,V_13-431
432,V_12-432,V_13-432
433,V_12-433,V_13-433
434,V_12-434,V_13-434
435,V_12-435,V_13-435
436,V_12-436,V_13-436
437,V_12-437,V_13-437
438,V_12-438,V_13-438
439,V_12-439,V_13-439
440,V_12-440,V_13-440
441,V_12-441,V_13-441
442,V_12-442,V_13-442
443,V_12-443,V_13-443
444,V_12-444,V_13-444
445,V_12-445,V_13-445
446,V_12-446,V_13-446
447,V_12-447,V_13-447
448,V_12-448,V_13-448
449,V_12-449,V_13-449
450,V_12-450,V_13-450
451,V_12-451,V_13-451
452,V_12-452,V_13-452
453,V_12-453,V_13-453
454,V_12-454,V_13-454
455,V_12-455,V_13-455
456,V_12-456,V_13-456
457,V_12-457,V_13-457
458,V_12-458,V_13-458
459,V_12-459,V_13-459
460,V_12-460,V_13-460
461,V_12-461,V_13-461
462,V_12-462,V_13-462
463,V_12-463,V_13-463
464,V_12-464,V_13-464
465,V_12-465,V_13-465
466,V_12-466,V_13-466
467,V_12-467,V_13-467
468,V_12-468,V_13-468
469,V_12-469,V_13-469
470,V_12-470,V_13-470
471,V_12-471,V_13-471
472,V_12-472,V_13-472
473,V_12-473,V_13-473
474,V_12-474,V_13-474
475,V_12-475,V_13-475
476,V_12-476,V_13-476
477,V_12-477,V_13-477
478,V_12-478,V_13-478
479,V_12-479,V_13-479
480,V_12-480,V_13-480
481,V_12-481,V_13-481
482,V_12-482,V_13-482
483,V_12-483,V_13-483
484,V_12-484,V_13-484
485,V_12-485,V_13-485
486,V_12-486,V_13-486
487,V_12-487,V_13-487
488,V_12-488,V_13-488
489,V_12-489,V_13-489
490,V_12-490,V_13-490
491,V_12-491,V_13-491
492,V_12-492,V_13-492
493,V_12-493,V_13-493
494,V_12-494,V_13-494
495,V_12-495,V_13-495
496,V_12-496,V_13-496
497,V_12-497,V_13-497
498,V_12-498,V_13-498
499,V_12-499,V_13-499
500,V_12-500,V_13-500
501,V_12-501,V_13-501
502,V_12-502,V_13-502
503,V_12-503,V_13-503
504,V_12-504,V_13-504
505,V_12-505,V_13-505
506,V_12-506,V_13-506
507,V_12-507,V_13-507
508,V_12-508,V_13-508
509,V_12-509,V_13-509
510,V_12-510,V_13-510
511,V_12-511,V_13-511
512,V_12-512,V_13-512
513,V_12-513,V_13-513
514,V_12-514,V_13-514
515,V_12-515,V_13-515
516,V_12-516,V_13-516
517,V_12-517,V_13-517
518,V_12-518,V_13-518
519,V_12-519,V_13-519
520,V_12-520,V_13-520
521,V_12-521,V_13-521
522,V_12-522,V_13-522
523,V_12-523,V_13-523
524,V_12-524,V_13-524
525,V_12-525,V_13-525
526,V_12-526,V_13-526
527,V_12-527,V_13-527
528,V_12-528,V_13-528
529,V_12-529,V_13-529
530,V_12-530,V_13-530
531,V_12-531,V_13-531
532,V_12-532,V_13-532
533,V_12-533,V_13-533
534,V_12-534,V_13-534
535,V_12-535,V_13-535
536,V_12-536,V_13-536
537,V_12-537,V_13-537
538,V_12-538,V_13-538
539,V_12-539,V_13-539
540,V_12-540,V_13-540
541,V_12-541,V_13-541
542,V_12-542,V_13-542
543,V_12-543,V_13-543
544,V_12-544,V_13-544
545,V_12-545,V_13-545
546,V_12-546,V_13-546
547,V_12-547,V_13-547
548,V_12-548,V_13-548
549,V_12-549,V_13-549
550,V_12-550,V_13-550
551,V_12-551,V_13-551
552,V_12-552,V_13-552
553,V_12-553,V_13-553
554,V_12-554,V_13-554
555,V_12-555,V_13-555
556,V_12-556,V_13-556
557,V_12-557,V_13-557
558,V_12-558,V_13-558
559,V_12-559,V_13-559
560,V_12-560,V_13-560
561,V_12-561,V_13-561
562,V_12-562,V_13-562
563,V_12-563,V_13-563
564,V_12-564,V_13-564
565,V_12-565,V_13-565
566,V_12-566,V_13-566
567,V_12-567,V_13-567
568,V_12-568,V_13-568
569,V_12-569,V_13-569
570,V_12-570,V_13-570
571,V_12-571,V_13-571
572,V_12-572,V_13-572
573,V_12-573,V_13-573
574,V_12-574,V_13-574
575,V_12-575,V_13-575
576,V_12-576,V_13-576
577,V_12-577,V_13-577
578,V_12-578,V_13-578
579,V_12-579,V_13-579
580,V_12-580,V_13-580
581,V_12-581,V_13-581
582,V_12-582,V_13-582
583,V_12-583,V_13-583
584,V_12-584,V_13-584
585,V_12-585,V_13-585
586,V_12-586,V_13-586
587,V_12-587,V_13-587
588,V_12-588,V_13-588
589,V_12-589,V_13-589
590,V_12-590,V_13-590
591,V_12-591,V_13-591
592,V_12-592,V_13-592
593,V_12-593,V_13-593
594,V_12-594,V_13-594
595,V_12-595,V_13-595
596,V_12-596,V_13-596
597,V_12-597,V_13-597
598,V_12-598,V_13-598
599,V_12-599,V_13-599
600,V_12-600,V_13-600
601,V_12-601,V_13-601
602,V_12-602,V_13-602
603,V_12-603,V_13-603
604,V_12-604,V_13-604
605,V_12-605,V_13-605
606,V_12-606,V_13-606
607,V_12-607,V_13-607
608,V_12-608,V_13-608
609,V_12-609,V_13-609
610,V_12-610,V_13-610
611,V_12-611,V_13-611
612,V_12-612,V_13-612
613,V_12-613,V_13-613
614,V_12-614,V_13-614
615,V_12-615,V_13-615
616,V_12-616,V_13-616
617,V_12-617,V_13-617
618,V_12-618,V_13-618
619,V_12-619,V_13-619
620,V_12-620,V_13-620
621,V_12-621,V_13-621
622,V_12-622,V_13-622
623,V_12-623,V_13-623
624,V_12-624,V_13-624
625,V_12-625,V_13-625
626,V_12-626,V_13-626
627,V_12-627,V_13-627
628,V_12-628,V_13-628
629,V_12-629,V_13-629
630,V_12-630,V_13-630
631,V_12-631,V_13-631
632,V_12-632,V_13-632
633,V_12-633,V_13-633
634,V_12-634,V_13-634
635,V_12-635,V_13-635
636,V_12-636,V_13-636
637,V_12-637,V_13-637
638,V_12-638,V_13-638
639,V_12-639,V_13-639
640,V_12-640,V_13-640
641,V_12-641,V_13-641
642,V_12-642,V_13-642
643,V_12-643,V_13-643
644,V_12-644,V_13-644
645,V_12-645,V_13-645
646,V_12-646,V_13-646
647,V_12-647,V_13-647
648,V_12-648,V_13-648
649,V_12-649,V_13-649
650,V_12-650,V_13-650
651,V_12-651,V_13-651
652,V_12-652,V_13-652
653,V_12-653,V_13-653
654,V_12-654,V_13-654
655,V_12-655,V_13-655
656,V_12-656,V_13-656
657,V_12-657,V_13-657
658,V_12-658,V_13-658
659,V_12-659,V_13-659
660,V_12-660,V_13-660
661,V_12-661,V_13-661
662,V_12-662,V_13-662
663,V_12-663,V_13-663
664,V_12-664,V_13-664
665,V_12-665,V_13-665
666,V_12-666,V_13-666
667,V_12-667,V_13-667
668,V_12-668,V_13-668
669,V_12-669,V_13-669
670,V_12-670,V_13-670
671,V_12-671,V_13-671
672,V_12-672,V_13-672
673,V_12-673,V_13-673
674,V_12-674,V_13-674
675,V_12-675,V_13-675
676,V_12-676,V_13-676
677,V_12-677,V_13-677
678,V_12-678,V_13-678
679,V_12-679,V_13-679
680,V_12-680,V_13-680
681,V_12-681,V_13-681
682,V_12-682,V_13-682
683,V_12-683,V_13-683
684,V_12-684,V_13-684
685,V_12-685,V_13-685
686,V_12-686,V_13-686
687,V_12-687,V_13-687
688,V_12-688,V_13-688
689,V_12-689,V_13-689
690,V_12-690,V_13-690
691,V_12-691,V_13-691
692,V_12-692,V_13-692
693,V_12-693,V_13-693
694,V_12-694,V_13-694
695,V_12-695,V_13-695
696,V_12-696,V_13-696
697,V_12-697,V_13-697
698,V_12-698,V_13-698
699,V_12-699,V_13-699
700,V_12-700,V_13-700
701,V_12-701,V_13-701
702,V_12-702,V_13-702
703,V_12-703,V_13-703
704,V_12-704,V_13-704
705,V_12-705,V_13-705
706,V_12-706,V_13-706
707,V_12-707,V_13-707
708,V_12-708,V_13-708
709,V_12-709,V_13-709
710,V_12-710,V_13-710
711,V_12-711,V_13-711
712,V_12-712,V_13-712
713,V_12-713,V_13-713
714,V_12-714,V_13-714
715,V_12-715,V_13-715
716,V_12-716,V_13-716
717,V_12-717,V_13-717
718,V_12-718,V_13-718
719,V_12-719,V_13-719
720,V_12-720,V_13-720
721,V_12-721,V_13-721
722,V_12-722,V_13-722
723,V_12-723,V_13-723
724,V_12-724,V_13-724
725,V_12-725,V_13-725
726,V_12-726,V_13-726
727,V_12-727,V_13-727
728,V_12-728,V_13-728
729,V_12-729,V_13-729
730,V_12-730,V_13-730
731,V_12-731,V_13-731
732,V_12-732,V_13-732
733,V_12-733,V_13-733
734,V_12-734,V_13-734
735,V_12-735,V_13-735
736,V_12-736,V_13-736
737,V_12-737,V_13-737
738,V_12-738,V_13-738
739,V_12-739,V_13-739
740,V_12-740,V_13-740
741,V_12-741,V_13-741
742,V_12-742,V_13-742
743,V_12-743,V_13-743
744,V_12-744,V_13-744
745,V_12-745,V_13-745
746,V_12-746,V_13-746
747,V_12-747,V_13-747
748,V_12-748,V_13-748
749,V_12-749,V_13-749
750,V_12-750,V_13-750
751,V_12-751,V_13-751
752,V_12-752,V_13-752
753,V_12-753,V_13-753
754,V_12-754,V_13-754
755,V_12-755,V_13-755
756,V_12-756,V_13-756
757,V_12-757,V_13-757
758,V_12-758,V_13-758
759,V_12-759,V_13-759
760,V_12-760,V_13-760
761,V_12-761,V_13-761
762,V_12-762,V_13-762
763,V_12-763,V_13-763
764,V_12-764,V_13-764
765,V_12-765,V_13-765
766,V_12-766,V_13-766
767,V_12-767,V_13-767
768,V_12-768,V_13-768
769,V_12-769,V_13-769
770,V_12-770,V_13-770
771,V_12-771,V_13-771
772,V_12-772,V_13-772
773,V_12-773,V_13-773
774,V_12-774,V_13-774
775,V_12-775,V_13-775
776,V_12-776,V_13-776
777,V_12-777,V_13-777
778,V_12-778,V_13-778
779,V_12-779,V_13-779
780,V_12-780,V_13-780
781,V_12-781,V_13-781
782,V_12-782,V_13-782
783,V_12-783,V_13-783
784,V_12-784,V_13-784
785,V_12-785,V_13-785
786,V_12-786,V_13-786
787,V_12-787,V_13-787
788,V_12-788,V_13-788
789,V_12-789,V_13-789
790,V_12-790,V_13-790
791,V_12-791,V_13-791
792,V_12-792,V_13-792
793,V_12-793,V_13-793
794,V_12-794,V_13-794
795,V_12-795,V_13-795
796,V_12-796,V_13-796
797,V_12-797,V_13-797
798,V_12-798,V_13-798
799,V_12-799,V_13-799
800,V_12-800,V_13-800
801,V_12-801,V_13-801
802,V_12-802,V_13-802
803,V_12-803,V_13-803
804,V_12-804,V_13-804
805,V_12-805,V_13-805
806,V_12-806,V_13-806
807,V_12-807,V_13-807
808,V_12-808,V_13-808
809,V_12-809,V_13-809
810,V_12-810,V_13-810
811,V_12-811,V_13-811
812,V_12-812,V_13-812
813,V_12-813,V_13-813
814,V_12-814,V_13-814
815,V_12-815,V_13-815
816,V_12-816,V_13-816
817,V_12-817,V_13-817
818,V_12-818,V_13-818
819,V_12-819,V_13-819
820,V_12-820,V_13-820
821,V_12-821,V_13-821
822,V_12-822,V_13-822
823,V_12-823,V_13-823
824,V_12-824,V_13-824
825,V_12-825,V_13-825
826,V_12-826,V_13-826
827,V_12-827,V_13-827
828,V_12-828,V_13-828
829,V_12-829,V_13-829
830,V_12-830,V_13-830
831,V_12-831,V_13-831
832,V_12-832,V_13-832
833,V_12-833,V_13-833
834,V_12-834,V_13-834
835,V_12-835,V_13-835
836,V_12-836,V_13-836
837,V_12-837,V_13-837
838,V_12-838,V_13-838
839,V_12-839,V_13-839
840,V_12-840,V_13-840
841,V_12-841,V_13-841
842,V_12-842,V_13-842
843,V_12-843,V_13-843
844,V_12-844,V_13-844
845,V_12-845,V_13-845
846,V_12-846,V_13-846
847,V_12-847,V_13-847
848,V_12-848,V_13-848
849,V_12-849,V_13-849
850,V_12-850,V_13-850
851,V_12-851,V_13-851
852,V_12-852,V_13-852
853,V_12-853,V_13-853
854,V_12-854,V_13-854
855,V_12-855,V_13-855
856,V_12-856,V_13-856
857,V_12-857,V_13-857
858,V_12-858,V_13-858
859,V_12-859,V_13-859
860,V_12-860,V_13-860
861,V_12-861,V_13-861
862,V_12-862,V_13-862
863,V_12-863,V_13-863
864,V_12-864,V_13-864
865,V_12-865,V_13-865
866,V_12-866,V_13-866
867,V_12-867,V_13-867
868,V_12-868,V_13-868
869,V_12-869,V_13-869
870,V_12-870,V_13-870
871,V_12-871,V_13-871
872,V_12-872,V_13-872
873,V_12-873,V_13-873
874,V_12-874,V_13-874
875,V_12-875,V_13-875
876,V_12-876,V_13-876
877,V_12-877,V_13-877
878,V_12-878,V_13-878
879,V_12-879,V_13-879
880,V_12-880,V_13-880
881,V_12-881,V_13-881
882,V_12-882,V_13-882
883,V_12-883,V_13-883
884,V_12-884,V_13-884
885,V_12-885,V_13-885
886,V_12-886,V_13-886
887,V_12-887,V_13-887
888,V_12-888,V_13-888
889,V_12-889,V_13-889
890,V_12-890,V_13-890
891,V_12-891,V_13-891
892,V_12-892,V_13-892
893,V_12-893,V_13-893
894,V_12-894,V_13-894
895,V_12-895,V_13-895
896,V_12-896,V_13-896
897,V_12-897,V_13-897
898,V_12-898,V_13-898
899,V_12-899,V_13-899
900,V_12-900,V_13-900
901,V_12-901,V_13-901
902,V_12-902,V_13-902
903,V_12-903,V_13-903
904,V_12-904,V_13-904
905,V_12-905,V_13-905
906,V_12-906,V_13-906
907,V_12-907,V_13-907
908,V_12-908,V_13-908
909,V_12-909,V_13-909
910,V_12-910,V_13-910
911,V_12-911,V_13-911
912,V_12-912,V_13-912
913,V_12-913,V_13-913
914,V_12-914,V_13-914
915,V_12-915,V_13-915
916,V_12-916,V_13-916
917,V_12-917,V_13-917
918,V_12-918,V_13-918
919,V_12-919,V_13-919
920,V_12-920,V_13-920
921,V_12-921,V_13-921
922,V_12-922,V_13-922
923,V_12-923,V_13-923
924,V_12-924,V_13-924
925,V_12-925,V_13-925
926,V_12-926,V_13-926
927,V_12-927,V_13-927
928,V_12-928,V_13-928
929,V_12-929,V_13-929
930,V_12-930,V_13-930
931,V_12-931,V_13-931
932,V_12-932,V_13-932
933,V_12-933,V_13-933
934,V_12-934,V_13-934
935,V_12-935,V_13-935
936,V_12-936,V_13-936
937,V_12-937,V_13-937
938,V_12-938,V_13-938
939,V_12-939,V_13-939
940,V_12-940,V_13-940
941,V_12-941,V_13-941
942,V_12-942,V_13-942
943,V_12-943,V_13-943
944,V_12-944,V_13-944
945,V_12-945,V_13-945
946,V_12-946,V_13-946
947,V_12-947,V_13-947
948,V_12-948,V_13-948
949,V_12-949,V_13-949
950,V_12-950,V_13-950
951,V_12-951,V_13-951
952,V_12-952,V_13-952
953,V_12-953,V_13-953
954,V_12-954,V_13-954
955,V_12-955,V_13-955
956,V_12-956,V_13-956
957,V_12-957,V_13-957
958,V_12-958,V_13-958
959,V_12-959,V_13-959
960,V_12-960,V_13-960
961,V_12-961,V_13-961
962,V_12-962,V_13-962
963,V_12-963,V_13-963
964,V_12-964,V_13-964
965,V_12-965,V_13-965
966,V_12-966,V_13-966
967,V_12-967,V_13-967
968,V_12-968,V_13-968
969,V_12-969,V_13-969
970,V_12-970,V_13-970
971,V_12-971,V_13-971
972,V_12-972,V_13-972
973,V_12-973,V_13-973
974,V_12-974,V_13-974
975,V_12-975,V_13-975
976,V_12-976,V_13-976
977,V_12-977,V_13-977
978,V_12-978,V_13-978
979,V_12-979,V_13-979
980,V_12-980,V_13-980
981,V_12-981,V_13-981
982,V_12-982,V_13-982
983,V_12-983,V_13-983
984,V_12-984,V_13-984
985,V_12-985,V_13-985
986,V_12-986,V_13-986
987,V_12-987,V_13-987
988,V_12-988,V_13-988
989,V_12-989,V_13-989
990,V_12-990,V_13-990
991,V_12-991,V_13-991
992,V_12-992,V_13-992
993,V_12-993,V_13-993
994,V_12-994,V_13-994
995,V_12-995,V_13-995
996,V_12-996,V_13-996
997,V_12-997,V_13-997
998,V_12-998,V_13-998
999,V_12-999,V_13-999
1000,V_12-1000,V_13-1000
